,sepal length (cm),sepal length (cm),sepal length (cm),sepal length (cm),sepal length (cm),sepal length (cm),sepal length (cm),sepal length (cm),sepal width (cm),sepal width (cm),sepal width (cm),sepal width (cm),sepal width (cm),sepal width (cm),sepal width (cm),sepal width (cm),petal length (cm),petal length (cm),petal length (cm),petal length (cm),petal length (cm),petal length (cm),petal length (cm),petal length (cm),petal width (cm),petal width (cm),petal width (cm),petal width (cm),petal width (cm),petal width (cm),petal width (cm),petal width (cm)
,count,mean,std,min,25%,50%,75%,max,count,mean,std,min,25%,50%,75%,max,count,mean,std,min,25%,50%,75%,max,count,mean,std,min,25%,50%,75%,max
species,,,,,,,,,,,,,,,,,,,,,,,,,,,,,,,,
setosa,50.0,5.006,0.35248968721345136,4.3,4.8,5.0,5.2,5.8,50.0,3.428,0.3790643690962887,2.3,3.2,3.4,3.6750000000000003,4.4,50.0,1.4620000000000002,0.17366399648018407,1.0,1.4,1.5,1.5750000000000002,1.9,50.0,0.24599999999999997,0.10538558938004565,0.1,0.2,0.2,0.3,0.6
versicolor,50.0,5.936,0.5161711470638634,4.9,5.6,5.9,6.3,7.0,50.0,2.7700000000000005,0.3137983233784114,2.0,2.525,2.8,3.0,3.4,50.0,4.26,0.46991097723995795,3.0,4.0,4.35,4.6,5.1,50.0,1.3259999999999998,0.19775268000454405,1.0,1.2,1.3,1.5,1.8
virginica,50.0,6.587999999999998,0.6358795932744322,4.9,6.225,6.5,6.9,7.9,50.0,2.974,0.32249663817263746,2.2,2.8,3.0,3.1750000000000003,3.8,50.0,5.5520000000000005,0.5518946956639834,4.5,5.1,5.55,5.875,6.9,50.0,2.0260000000000002,0.2746500556366674,1.4,1.8,2.0,2.3,2.5
